{
  "analysis_timestamp": 1745878207.0756748,
  "analysis_date": "2025-04-28T18:10:07.075677",
  "repos_count": 30
}