{
  "fetch_timestamp": 1745877900.812108,
  "fetch_date": "2025-04-28T18:05:00.812110",
  "repos_count": 30
}